{
    "Decision Tree": {
        "Accuracy": 0.949,
        "Precision": 0.9584323040380047,
        "Recall": 0.9805589307411907,
        "F1-Score": 0.9693693693693693,
        "ROC-AUC": 0.8984561100013043
    },
    "Random Forest": {
        "Accuracy": 0.957,
        "Precision": 0.9609929078014184,
        "Recall": 0.9878493317132442,
        "F1-Score": 0.9742360695026963,
        "ROC-AUC": 0.9092132270664717
    },
    "KNN": {
        "Accuracy": 0.933,
        "Precision": 0.9395348837209302,
        "Recall": 0.9817739975698664,
        "F1-Score": 0.960190136660725,
        "ROC-AUC": 0.9074901661964289
    },
    "XGBoost": {
        "Accuracy": 0.956,
        "Precision": 0.9609467455621302,
        "Recall": 0.9866342648845686,
        "F1-Score": 0.973621103117506,
        "ROC-AUC": 0.9158308791729307
    }
}